event_id,case_id,claim_id,claim_parent_id,lineage_relation,claim_version,event_date,date_granularity,event_date_upper,event_sequence,source_id,source_access,actor_id,actor_type,actor_role,claim_short,claim_scope,control_type,control_description,control_result,epistemic_before,epistemic_after,evidence_state,documentary_state,diffusion_before,diffusion_after,workflow_before,workflow_after,record_status_before,record_status_after,transition_axis,human_guarantor,guarantee_action,transition_reason,uncertainty,notes
A1,A,A-GLOBAL,,,v0-historical,2025-07-24,day,,1,SRC_A1_OUTLOOK_COPY,PRIVATE,AI_SYSTEM_UNRESOLVED,AI,propose,Universal law lambda_n = sqrt(1/(n+1)); lambda_2 approx 0.697; p_KS < 1e-100; Goldbach-Janus; publication plan,Global/universal arithmetic claim plus planned scientific diffusion,NONE_RECORDED,No control identified at proposal event,NA,NA,PROPOSED,PRIMARY_PRIVATE_COPY,CONTEMPORANEOUS_EMAIL_COPY,PRIVATE,PRIVATE,NA,PUBLICATION_PLANNED,NA,NA,EPISTEMIC|WORKFLOW,NA,NA,Initial proposal and publication plan,Original chat export not recovered; evidence is a contemporaneous quoted email copy of the AI-produced text,Contemporaneous private copy retained by the author; correspondent/message metadata are omitted from the public package. v1.1: PUBLICATION_PLANNED moved from diffusion to workflow (a plan is not a diffusion state).
A2,A,A-GLOBAL,,,v0-historical,2025-08-16,day,,1,SRC_AB_REPORT_2026_09_14,PRIVATE_INTERNAL,AUTHOR,HUMAN,veto,Global/universal lambda claim considered for announcement,Public scientific communication,HUMAN_VETO,Announcement blocked; absence of validated RH result and limits of inter-AI communication explicitly stated,Do not announce,PROPOSED,PROPOSED,SECONDARY_INTERNAL,RECONSTRUCTED_FROM_EXCERPTS,PRIVATE,PRIVATE,PUBLICATION_PLANNED,BLOCKED,NA,NA,WORKFLOW,AUTHOR,VETO,Human refusal to promote/announce an unvalidated claim,Primary conversation CONV-C5 not recovered in this pass; current evidence is the 2026 retrospective report built from historical excerpts,"First documented veto. v1.1 RECODE: v1.0 had epistemic PROPOSED->BLOCKED. A veto blocks diffusion, it does not change truth status; same principle as C4 (publication is not a truth transition). Epistemic now unchanged; BLOCKED moved to workflow."
A3,A,A-GLOBAL,,,v0-historical,2025-08-27,day,,1,SRC_AB_REPORT_2026_09_14,PRIVATE_INTERNAL,UNRESOLVED,UNKNOWN,audit,"Earlier universal claims, simulations and empirical assertions audited for existence of real code/data/results",Methodological status of the research program,METHODOLOGICAL_AUDIT,"Separated discussions/specifications from absent executable code, real computational data and validated empirical results; identified simulation/reality confusion",Scope demoted; prior empirical promotion not supported,PROPOSED,DEMOTED,SECONDARY_INTERNAL,RECONSTRUCTED_FROM_EXCERPTS,PRIVATE,PRIVATE,BLOCKED,BLOCKED,NA,NA,EPISTEMIC,NA,NA,Audit found unsupported promotion and provenance gaps,Primary conversation CONV-C6 not recovered in this pass,Report recommends restarting from a bounded sieve experiment. v1.1: epistemic_before PROPOSED (follows A2 recode).
A4G,A,A-GLOBAL,,,current-2026-09,2026-09-12,day,,1,SRC_A_CURRENT_2026_09_12,PRIVATE_INTERNAL,PROGRAM_CURRENT,COLLECTIVE,classify,lambda^2 -> 1/7 as a universal arithmetic law,Universal claim across arithmetic contexts,SCOPE_COUNTEREVIDENCE,Current report records that observations did not confirm transport beyond the local geometry; N=2310 value is reported far from 1/7,Universal formulation refuted in tested forms,DEMOTED,REFUTED,PRIMARY_INTERNAL,CURRENT,PRIVATE_INTERNAL,PRIVATE_INTERNAL,BLOCKED,BLOCKED,NA,NA,EPISTEMIC,AUTHOR,CLASSIFY_REFUTED,Empirical/nontransport evidence contradicts universal interpretation,The N=2310 numerical value is reported in the CURRENT document but not independently replayed in this audit,Keep separate from the local geometric residue A4L. A4G and A4L share date and source (same act): sequence tie is intentional.
A4L,A,A-LOCAL,A-GLOBAL,SPLIT_FROM,current-2026-09,2026-09-12,day,,1,SRC_A_CURRENT_2026_09_12,PRIVATE_INTERNAL,PROGRAM_CURRENT,COLLECTIVE,restrict,1/sqrt(7) as the natural isotropic normalization of a centered 7-dimensional space,Local finite geometric normalization only,SCOPE_RESTRICTION,Current report separates the local 7-dimensional normalization from the rejected universal number-theory interpretation,Local geometric statement retained,NA,VERIFIED_LOCAL,PRIMARY_INTERNAL,CURRENT,PRIVATE_INTERNAL,PRIVATE_INTERNAL,NA,NA,NA,NA,EPISTEMIC,AUTHOR,RESTRICT_SCOPE,Child claim survives after removal of unsupported transport,Exact proof artifact should still be linked directly in the replication package to upgrade the evidence state,Important atomization: global refutation does not erase the local finite claim. v1.1: epistemic_before MIXED -> NA (a child claim has no prior state of its own; its origin is carried by claim_parent_id + lineage_relation).
B1,B,B-ALIGNMENT,,,c8-2026-03-13,2026-03-13,day,,1,SRC_AB_REPORT_2026_09_14,PRIVATE_INTERNAL,UNRESOLVED,UNKNOWN,calculate,Anisotropy A=5.8 at q=30 and A=29.1 at q=210; dominant-mode alignment S1=0.237 vs alpha_null=0.149,Exploratory arithmetic/statistical observation,EXPLORATORY_CALCULATION,Computed anisotropy and alignment quantities reported in CONV-C8,Exploratory signal observed,NA,OBSERVED,SECONDARY_INTERNAL,RECONSTRUCTED_FROM_EXCERPTS,PRIVATE_INTERNAL,PRIVATE_INTERNAL,NA,NA,NA,NA,EPISTEMIC,NA,NA,Initial exploratory result,Raw dataset and code have not been recovered/replayed in this audit,Do not treat the numbers as independently certified.
B2,B,B-ALIGNMENT,,,c8-2026-03-13,2026-03-13,day,,2,SRC_AB_REPORT_2026_09_14,PRIVATE_INTERNAL,UNRESOLVED,UNKNOWN,test,Dominant-mode alignment significance,Statistical promotion decision for the exploratory alignment,PERMUTATION_TEST,500 permutations; about 51 null realizations at or above observed; reported p approx 0.102; principal angles around 60 degrees,Not statistically conclusive at current scale,OBSERVED,NOT_PROMOTED,SECONDARY_INTERNAL,RECONSTRUCTED_FROM_EXCERPTS,PRIVATE_INTERNAL,PRIVATE_INTERNAL,NA,NA,NA,NA,EPISTEMIC,NA,NA,Permutation test does not support promotion,Raw permutation script/data absent; values are report-derived,Non-promotion is not coded as refutation.
B3,B,B-ALIGNMENT,,,c8-2026-03-13,2026-03-13,day,,3,SRC_AB_REPORT_2026_09_14,PRIVATE_INTERNAL,UNRESOLVED,UNKNOWN,interpret,Interpretation of the alignment result,Language and downstream communication,LANGUAGE_RESTRAINT,"Result described as a tendency to test at larger scale, not as validation",Scope held at exploratory/non-promoted,NOT_PROMOTED,NOT_PROMOTED,SECONDARY_INTERNAL,RECONSTRUCTED_FROM_EXCERPTS,PRIVATE_INTERNAL,PRIVATE_INTERNAL,NA,NA,NA,QUALIFIED_TENDENCY,DOCUMENTARY,NA,NOT_OBSERVED,Interpretive restraint preserved the statistical boundary,Exact primary wording is only available through the retrospective report in this pass,"The documentary transition records the language boundary (tendency, not validation). Follow-up is right-censored at the later review date; persistence is not a new event. Sequence 1-2-3 on 2026-03-13 is inferred from logical dependence (calculate -> test -> interpret)."
C1,C,C-UNIFORM,,,v1.1.0-internal-rc,2026-09-24,day,,1,SRC_C_CHANGELOG_V1_1_1,PUBLIC,AUTHOR,HUMAN,draft_release,Uniform monodromy theorem for every odd prime and extension to every congruence level,All odd primes and all levels,INTERNAL_RELEASE_REVIEW,Public changelog states v1.1.0 was an internal release candidate whose wording overreached the proof actually written,Uniform wording identified as overreach,NA,CANDIDATE_UNIFORM,SECONDARY_PUBLIC,SUPERSEDED_INTERNAL_RC_RECORDED_PUBLICLY,PRIVATE_INTERNAL,PRIVATE_INTERNAL,NA,INTERNAL_RC,NA,NA,EPISTEMIC|WORKFLOW,AUTHOR,REVIEW_REQUIRED,Candidate claim existed but had not passed the release gate,The v1.1.0 candidate itself is not the public release; its existence/scope is documented by the public v1.1.1 changelog,"EVIDENCE_OVERRIDE: the public changelog is primary for the withdrawal recorded in C2, but secondary for the earlier internal v1.1.0 candidate in C1 because that candidate artifact is not in hand. Use only to reconstruct the transition, not as a current theorem statement. v1.1: INTERNAL_RC moved from diffusion to workflow."
C2,C,C-UNIFORM,,,v1.1.1,2026-09-24,day,,2,SRC_C_CHANGELOG_V1_1_1,PUBLIC,AUTHOR,HUMAN,restrict,Uniform all-primes/all-levels claim from internal v1.1.0,All odd primes and all levels,PROOF_SCOPE_REVIEW,v1.1.1 withdraws the all-odd-primes claim and the 'verbatim' all-level extension; extra primes are relabeled regression checks,Scope restricted before public release,CANDIDATE_UNIFORM,SCOPE_RESTRICTED,PRIMARY_PUBLIC,CHANGELOG_CURRENT,PRIVATE_INTERNAL,PRIVATE_INTERNAL,INTERNAL_RC,INTERNAL_CORRECTED,NA,WITHDRAWN_BY_CHANGELOG,EPISTEMIC|WORKFLOW|DOCUMENTARY,AUTHOR,RESTRICT_SCOPE,Critical review found the written proof did not support the broader claim,None material for the documented scope correction,Key pre-publication correction event. v1.1: record_status WITHDRAWN_BY_CHANGELOG added so that C6 can be read as a regression against it.
C3,C,C-P7,C-UNIFORM,SPLIT_FROM,v1.1.1,2026-09-24,day,,3,SRC_C_STATUS_V1_1_1,PUBLIC,AUTHOR,HUMAN,classify,Exact finite p=7 monodromy certificate; other primes are regression evidence and one higher step is exploratory,"Principal case p=7, finite exact certificate",CLAIM_BOUNDARY_FREEZE,HOL01_STATUS.md and release README define p=7 certified scope and explicitly exclude a theorem for all odd primes/all levels,Finite bounded claim retained and release boundary frozen,NA,VERIFIED_FINITE,PRIMARY_PUBLIC,AUTHORITATIVE_RELEASE_STATUS,PRIVATE_INTERNAL,PRIVATE_INTERNAL,INTERNAL_CORRECTED,RELEASE_READY,NA,NA,EPISTEMIC|WORKFLOW,AUTHOR,AUTHORIZE_RELEASE_BOUNDARY,Bounded finite statement is supported by exact certificate while broader claim is excluded,None material for release claim boundary,"Computational replay is documented separately in SRC_C_REPLAY_2026_09_24. v1.1: epistemic_before SCOPE_RESTRICTED -> NA (child claim, same rule as A4L)."
C4,C,C-P7,C-UNIFORM,SPLIT_FROM,v1.1.1,2026-09-26,day,,1,SRC_C_GITHUB_RELEASE_V1_1_1,PUBLIC,UNRESOLVED,UNKNOWN,publish,HOL-01 v1.1.1 bounded p=7 release,Public release matching the frozen claim boundary,PUBLICATION_GATE,GitHub release v1.1.1 published after scope correction,Release made public,VERIFIED_FINITE,VERIFIED_FINITE,PRIMARY_PUBLIC,PUBLIC_RELEASE,PRIVATE_INTERNAL,PUBLIC,RELEASE_READY,RELEASED,NA,NA,DIFFUSION|WORKFLOW,AUTHOR,PUBLISH,Epistemic status unchanged; only diffusion state changes,Release timestamp obtained from GitHub connector; event date stored at day granularity. Operator of the release (author or delegate) not independently checked.,Important separation: publication is not a truth-status transition.
C5,C,C-P7,C-UNIFORM,SPLIT_FROM,v1.1.1,2026-09-28,day,,1,SRC_C_HAL_PACK_2026_09_28,PRIVATE_INTERNAL,AUTHOR,HUMAN,prepare_deposit,HOL-01 v1.1.1 prepared for HAL with separate preprint/software records,Diffusion metadata and reproducibility boundary,HAL_PREPARATION_REPLAY,HAL pack states hashes were checked and complete replay succeeded; preprint and software DOI are kept separate,HAL-ready; epistemic claim boundary unchanged,VERIFIED_FINITE,VERIFIED_FINITE,PRIMARY_INTERNAL,HAL_PREPARATION_PACK,PUBLIC,PUBLIC,RELEASED,HAL_READY,NA,NA,WORKFLOW,AUTHOR,PREPARE_DEPOSIT,Workflow step after reproducibility/metadata checks; no change in diffusion,Pack reports the replay; this row is not itself the raw replay log,No peer-review status is inferred from replay success. v1.1: HAL_READY moved from diffusion to workflow (diffusion stays PUBLIC).
C6,C,C-UNIFORM,,,g30-v2-2026-09-27,2026-09-27,day,,2,SRC_G30_V2_2026_09_27,PRIVATE_INTERNAL,UNRESOLVED,UNKNOWN,restate,"HOL-01 described internally as 'entirely predicted by O(2,1), for every odd p'","All odd primes, asserted in an internal consolidated report",NONE_RECORDED,"Uniform statement reappears in an internal document without a cited reference, after its public withdrawal in v1.1.1",NA,SCOPE_RESTRICTED,SCOPE_RESTRICTED,PRIMARY_INTERNAL,INTERNAL_CONSOLIDATED_REPORT,PRIVATE_INTERNAL,PRIVATE_INTERNAL,NA,NA,WITHDRAWN_BY_CHANGELOG,REASSERTED_UNCITED,DOCUMENTARY,NA,NA,DOCUMENTARY_SCOPE_REGRESSION: internal wording exceeds the frozen public boundary; mathematical status of HOL-01 unchanged,"If a precise classical reference for the uniform structure is supplied (the portfolio report says the consolidated status treats it as classical), recode as PRIOR_ART_IDENTIFIED rather than regression. Same-day order with D3 not established.","Distinct from the README forward-looking sentence flagged in the portfolio report (section 3.2), which is a separate item not coded here."
C7,C,C-UNIFORM,,,g30-v2-2026-09-27,2026-09-28,day,,3,SRC_REVIEW_2026_09_28,PRIVATE_INTERNAL,AI_REVIEW_2026_09_28,AI,detect,Detection of the section-7 uniform wording as contrary to HOL01_STATUS v1.1.1,Documentary consistency of internal reports with public boundary,CROSS_DOCUMENT_REVIEW,Cross-reading of G30 v2 report against HOL01_STATUS and changelog v1.1.1,Regression detected; correction proposed (neutralize the sentence until a reference is cited),SCOPE_RESTRICTED,SCOPE_RESTRICTED,PRIMARY_INTERNAL,REVIEW_NOTE,PRIVATE_INTERNAL,PRIVATE_INTERNAL,NA,NA,REASSERTED_UNCITED,DETECTED_UNCORRECTED,DOCUMENTARY,AUTHOR,CONFIRM_DETECTION,Regression detected and confirmed by author; patch not yet applied,Right-censored: correction of the G30 report not yet recorded,Close with a C8 event when the G30 patch is applied.
D1,D,D-ISOLATE,,,consolidation-v1.1,2026-09-14,day,,1,SRC_D_CONSOLIDATION_2026_09_14,PRIVATE_INTERNAL,UNRESOLVED,UNKNOWN,prove,Delta_isolate(T_P | spectrum) = n - 2 for a plane P of F_2^n (lower bound by subspace-graph argument),"Finite targeted-identification cost, planes of F_2^n",WRITTEN_PROOF,Consolidation v1.1 contains upper bound (basis of P-perp) and lower bound (graph of a nonzero linear map avoiding negative probes),"Proof written, not externally reviewed",NA,PROVED_UNREVIEWED,PRIMARY_INTERNAL,CURRENT,PRIVATE_INTERNAL,PRIVATE_INTERNAL,NA,NA,NA,RECORDED,EPISTEMIC|DOCUMENTARY,NA,NA,Proof enters the dossier,"OMML equations inspected by the portfolio pass, not replayed here; general form n - s is stated in the portfolio report, the 14/09 note states the plane case",The private source also contains unrelated internal material; only the mathematical claim-transition extract is represented in this public package.
D2,D,D-ISOLATE,,,consolidation-v1.1,2026-09-14,interval,2026-09-27,,SRC_PORTFOLIO_2026_09_27,PRIVATE_INTERNAL,UNRESOLVED,UNKNOWN,diagnose,Lower bound of Delta_isolate described as missing,Documentary status of an existing proof,STATUS_DIAGNOSIS,A later diagnosis relied on a superseded internal audit instead of the 14 September consolidation.,Existing proof reported as absent,PROVED_UNREVIEWED,PROVED_UNREVIEWED,SECONDARY_INTERNAL,RECONSTRUCTED_FROM_LATER_REPORT,PRIVATE_INTERNAL,PRIVATE_INTERNAL,NA,NA,RECORDED,REPORTED_MISSING,DOCUMENTARY,NA,NA,DOCUMENTARY_REGRESSION: provenance chain read from a superseded source; the mathematics did not change,Exact date and wording of the diagnosis not recovered; bounded by D1 and D4. Actor unresolved.,Core mechanism of case D: loss of documentary status without any change in truth status.
D3,D,D-ISOLATE,,,rederivation-2026-09-27,2026-09-27,day,,1,SRC_PORTFOLIO_2026_09_27,PRIVATE_INTERNAL,UNRESOLVED,UNKNOWN,rederive,Lower bound reconstructed in conversation as if open,Same statement as D1,REDERIVATION,Proof re-worked on 27/09; portfolio report states this is not a second discovery,Same proof obtained again,PROVED_UNREVIEWED,PROVED_UNREVIEWED,SECONDARY_INTERNAL,RECONSTRUCTED_FROM_LATER_REPORT,PRIVATE_INTERNAL,PRIVATE_INTERNAL,NA,NA,REPORTED_MISSING,REDERIVED,DOCUMENTARY,NA,NA,Rederivation creates a risk of redating the proof to 27/09,Primary conversation not in hand; order relative to the G30 v2 report (sequence 2) not established,The later rederivation is retained as a documentary event and must not be treated as a second discovery.
D4,D,D-ISOLATE,,,consolidation-v1.1,2026-09-27,day,,3,SRC_PORTFOLIO_2026_09_27,PRIVATE_INTERNAL,UNRESOLVED,UNKNOWN,restore,Anteriority of the Delta proof restored to 14/09,Documentary status and dating of the proof,PROVENANCE_RECONCILIATION,A later portfolio reconciliation states that the proof was already present in the 14 September consolidation and must not be redated.,"Anteriority restored; status: proof available, unformalized, external review and prior art pending",PROVED_UNREVIEWED,PROVED_UNREVIEWED,PRIMARY_INTERNAL,CURRENT,PRIVATE_INTERNAL,PRIVATE_INTERNAL,NA,NA,REDERIVED,RESTORED_ANTERIORITY,DOCUMENTARY,NA,NA,Documentary correction; no epistemic change,Ordering after an earlier internal consolidated report is inferred from internal citation order; the source documents are not redistributed.,"EVIDENCE_OVERRIDE: the portfolio report is secondary for D2-D3, which it reports retrospectively, but primary for D4 because the report itself performs the provenance reconciliation that restores the 14/09 anteriority. Keep domain s >= 1."
D5,D,D-ISOLATE-SCOPE,D-ISOLATE,TRANSCRIPTION_OF,g30-v2-2026-09-27,2026-09-27,day,,2,SRC_G30_V2_2026_09_27,PRIVATE_INTERNAL,UNRESOLVED,UNKNOWN,restate,"'Le 14/09, Delta_isolate = rang(G) - 2 a ete etabli sur la famille des hyperplans de F_2^n'","Restatement of D1 inside an internal consolidated report, next to G30-specific costs.",NONE_RECORDED,"Scope misstated: 'hyperplanes' for 'planes'; 'rang(G)' placed beside G30 = C2 x C4, which is not F_2^n",NA,NA,FALSE_AS_STATED,PRIMARY_INTERNAL,INTERNAL_CONSOLIDATED_REPORT,PRIVATE_INTERNAL,PRIVATE_INTERNAL,NA,NA,NA,MISTRANSCRIBED,EPISTEMIC|DOCUMENTARY,NA,NA,"Transcription error: for a hyperplane n - s = 1, not n - 2; applying rang(G) - 2 to G30 would give 0 while the same line states Delta_isolate = 2",Whether the error originates in the G30 report or in an intermediate summary is not established,The parent claim D-ISOLATE is unaffected: the error concerns the restatement only. Same act as C6 (same document): sequence tie intentional.
D6,D,D-ISOLATE-SCOPE,D-ISOLATE,TRANSCRIPTION_OF,g30-v2-2026-09-27,2026-09-28,day,,2,SRC_REVIEW_2026_09_28,PRIVATE_INTERNAL,AI_REVIEW_2026_09_28,AI,detect,Detection of the hyperplane/plane mistranscription,Documentary consistency of the G30 report with the 14/09 note,CROSS_DOCUMENT_REVIEW,Incompatibility between 'rang(G) - 2 on hyperplanes' and n - s detected; author confirms from the 14/09 note that P is a plane (dim 2) and Delta_isolate = n - 2,Correction identified: 'hyperplans' -> 'plans'; do not apply the F_2^n formula to G30,FALSE_AS_STATED,FALSE_AS_STATED,PRIMARY_INTERNAL,REVIEW_NOTE,PRIVATE_INTERNAL,PRIVATE_INTERNAL,NA,NA,MISTRANSCRIBED,DETECTED_UNCORRECTED,DOCUMENTARY,AUTHOR,CONFIRM_DETECTION,"Error detected by AI review, confirmed by author against the primary note",Right-censored: patch of the G30 report not yet recorded,Close with a D7 event when the G30 patch is applied.
