source_id,source_type,access,date,locator,supports,evidence_state_default,public_release_ok,notes
SRC_A1_OUTLOOK_COPY,CONTEMPORANEOUS_EMAIL_COPY,PRIVATE,2025-07-25,NOT_REDISTRIBUTED::SRC_A1_OUTLOOK_COPY,"A1 original wording, lambda formula/value, p_KS claim, Goldbach-Janus label, publication plan",PRIMARY_PRIVATE_COPY,NO,Contemporaneous private copy retained by the author; correspondent metadata are not included in the public package.
SRC_AB_REPORT_2026_09_14,RETROSPECTIVE_INTERNAL_REPORT,PRIVATE_INTERNAL,2026-09-14,NOT_REDISTRIBUTED::SRC_AB_REPORT_2026_09_14,CONV-C1/CONV-C5/CONV-C6/CONV-C8 reconstructed chronology; B numerical values and non-promotion wording,SECONDARY_INTERNAL,REDACTED_ONLY,Report explicitly says it was built from excerpts found by historical search rather than full rereading of every conversation.
SRC_A_CURRENT_2026_09_12,CURRENT_INTERNAL_SCIENTIFIC_REPORT,PRIVATE_INTERNAL,2026-09-12,NOT_REDISTRIBUTED::SRC_A_CURRENT_2026_09_12,A4 global refutation and local 1/sqrt(7) geometric residue,PRIMARY_INTERNAL,REDACTED_ONLY,N=2310 lambda_obs value is reported here but not independently replayed in this audit.
SRC_C_CHANGELOG_V1_1_1,PUBLIC_GITHUB_FILE,PUBLIC,2026-09-24,https://github.com/alexcour/hol01-monodromy-p7/blob/v1.1.1/CHANGELOG.md,Existence of internal v1.1.0 release candidate and v1.1.1 scope correction,PRIMARY_PUBLIC,YES,Authoritative for the documented change history of the public repository.
SRC_C_STATUS_V1_1_1,PUBLIC_GITHUB_FILE,PUBLIC,2026-09-24,https://github.com/alexcour/hol01-monodromy-p7/blob/v1.1.1/HOL01_STATUS.md,Authoritative claim boundary for v1.1.1: p=7 exact finite certificate; no all-primes/all-levels theorem,PRIMARY_PUBLIC,YES,README states this file governs release v1.1.1 when documents conflict.
SRC_C_REPLAY_2026_09_24,REPLAY_LOG,PRIVATE_INTERNAL,2026-09-24,NOT_REDISTRIBUTED::SRC_C_REPLAY_2026_09_24,Fresh replay outputs and exact finite regression snapshots,RAW_PRESENT_REPLAYED,YES_IF_PACKAGED,Contains ALL ASSERTIONS PASSED outputs and deterministic snapshot hashes. Not cited by any event row (supporting evidence for C3).
SRC_C_GITHUB_RELEASE_V1_1_1,PUBLIC_GITHUB_RELEASE,PUBLIC,2026-09-26,https://github.com/alexcour/hol01-monodromy-p7/releases/tag/v1.1.1,Public release event,PRIMARY_PUBLIC,YES,Connector observed published_at 2026-09-26T13:12:24Z.
SRC_C_HAL_PACK_2026_09_28,HAL_PREPARATION_PACK,PRIVATE_INTERNAL,2026-09-28,NOT_REDISTRIBUTED::SRC_C_HAL_PACK_2026_09_28,"HAL-ready separation of preprint/software, DOI handling, reported replay success",PRIMARY_INTERNAL,YES_AFTER_MANUAL_METADATA_CHECK,HAL-preparation source retained privately; the public package exposes only the normalized event and metadata boundary.
SRC_D_CONSOLIDATION_2026_09_14,CURRENT_INTERNAL_SCIENTIFIC_REPORT,PRIVATE_INTERNAL,2026-09-14,NOT_REDISTRIBUTED::SRC_D_CONSOLIDATION_2026_09_14,D1 proof of Delta_isolate (plane case n-2; upper and lower bounds),PRIMARY_INTERNAL,NO,Contains FCI material: only a math-only extract may ever be released. Equations are OMML in the source file.
SRC_D_AUDIT_INITIAL_V1_0,INTERNAL_AUDIT_REPORT,PRIVATE_INTERNAL,2026-09-14,NOT_REDISTRIBUTED::SRC_D_AUDIT_INITIAL_V1_0,Superseded source on which the D2 diagnosis relied,SECONDARY_INTERNAL,NO,Superseded internal audit retained privately; not redistributed.
SRC_PORTFOLIO_2026_09_27,CURRENT_INTERNAL_SCIENTIFIC_REPORT,PRIVATE_INTERNAL,2026-09-27,NOT_REDISTRIBUTED::SRC_PORTFOLIO_2026_09_27,"D2-D4: existence of the 14/09 proof, erroneous later diagnosis, non-redating rule",SECONDARY_INTERNAL,REDACTED_ONLY,Internal citation ordering is preserved analytically without redistributing the underlying report.
SRC_G30_V2_2026_09_27,CURRENT_INTERNAL_SCIENTIFIC_REPORT,PRIVATE_INTERNAL,2026-09-27,NOT_REDISTRIBUTED::SRC_G30_V2_2026_09_27,C6 uniform HOL-01 wording; D5 hyperplane mistranscription,PRIMARY_INTERNAL,REDACTED_ONLY,Internal consolidated report retained privately; not uploaded as-is.
SRC_REVIEW_2026_09_28,REVIEW_NOTE,PRIVATE_INTERNAL,2026-09-28,NOT_REDISTRIBUTED::SRC_REVIEW_2026_09_28,C7 and D6 detections; author confirmation from the 14/09 note that P is a plane and Delta_isolate = n - 2,PRIMARY_INTERNAL,REDACTED_ONLY,AI-assisted review event with human confirmation; private conversation content is not redistributed.
